timestamp,user_input,rewritten_summary,follow_up_questions,doctor_name,additional_notes,doctor_said,visit_date
2025-04-03T20:45:17.452701,"i have painful bloating and last week started with hip burning too. i think its related to my past decade abdominal discomfort, ive explored so many things but still have it.","I've been experiencing painful bloating and recently developed a burning sensation in my hip. I believe it may be connected to the abdominal discomfort I've had for the past ten years. Despite exploring various options, the discomfort persists.","1. Could the painful bloating and hip burning be connected to my long-term abdominal discomfort from the past decade?
2. Are there specific tests or evaluations that can help determine the root cause of these symptoms?
3. What treatment options are available to address the painful bloating, hip burning, and ongoing abdominal discomfort?
4. Is there a possibility that these symptoms could be indicative of a more serious underlying condition that needs to be ruled out?
5. How can I best manage and alleviate the discomfort and pain I'm experiencing while we investigate the cause further?",Rachel Dong,ask about vitamins,,2025-04-08
2025-04-03T17:36:15.001804,"i have painful bloating and last week started with hip burning too. i think its related to my past decade abdominal discomfort, ive explored so many things but still have it.","""I've been experiencing painful bloating recently, and just last week, I started feeling a burning sensation in my hip as well. I believe these symptoms might be connected to the abdominal discomfort I've been dealing with for the past ten years. Despite exploring various options, the discomfort still persists. I'd like to discuss these issues with you and explore potential reasons for these ongoing symptoms.""","1. Could the painful bloating and hip burning be connected to the abdominal discomfort I've been experiencing for the past decade?
2. Are there specific tests or examinations that can help identify the root cause of these symptoms?
3. Is there a possibility that these symptoms could be indicative of a more serious underlying condition?
4. What treatment options are available to alleviate the painful bloating, hip burning, and abdominal discomfort?
5. How can I best manage these symptoms on a day-to-day basis while we work on a diagnosis and treatment plan?",,,,
2025-04-03T14:43:52.865881,"i have painful bloating and last week started with hip burning too. i think its related to my past decade abdominal discomfort, ive explored so many things but still have it.","I've been experiencing painful bloating along with a new symptom of hip burning that started last week. I believe these issues may be connected to the abdominal discomfort I've had for the past decade. Despite exploring various solutions, the discomfort persists.","1. Could my painful bloating and hip burning be related to the abdominal discomfort I've been experiencing for the past decade?
2. What tests or examinations can help determine the underlying cause of my symptoms?
3. Are there any specific dietary changes or lifestyle adjustments that could help alleviate my symptoms?
4. Is there a possibility that these symptoms could be indicative of a more serious underlying condition?
5. How can we work together to effectively manage and treat my symptoms moving forward?",,,,
